"Reference","Qty","Value","DNP","Footprint","Datasheet"
"C1,C6,C10","3","1nF","","Capacitor_SMD:C_0805_2012Metric_Pad1.18x1.45mm_HandSolder","https://yageogroup.com/content/datasheet/asset/file/KEM_C1002_X7R_SMD"
"C3,C12","2","100uF","","TPS7A7001_Evaluation_Board_footprint_lib:CAPPRD350W60D800H1150","https://industrial.panasonic.com/ww/products/capacitors/aluminum-capacitors/aluminum-cap-lead/models/EEUFC1V101"
"C4,C17,C18,C19","4","100nF","","Capacitor_SMD:C_0603_1608Metric","https://yageogroup.com/content/datasheet/asset/file/KEM_C1002_X7R_SMD"
"C5,C13","2","0.1nF","","Capacitor_SMD:C_0805_2012Metric_Pad1.18x1.45mm_HandSolder","https://yageogroup.com/content/datasheet/asset/file/KEM_C1002_X7R_SMD"
"C7","1","100nF","","Capacitor_SMD:C_0805_2012Metric_Pad1.18x1.45mm_HandSolder","https://yageogroup.com/content/datasheet/asset/file/KEM_C1002_X7R_SMD"
"C8,C11,C14,C15,C16","5","100n","","Capacitor_SMD:C_0805_2012Metric_Pad1.18x1.45mm_HandSolder","https://yageogroup.com/content/datasheet/asset/file/KEM_C1002_X7R_SMD"
"C9","1","10uF","","Capacitor_SMD:C_0805_2012Metric_Pad1.18x1.45mm_HandSolder","https://yageogroup.com/content/datasheet/asset/file/KEM_C1002_X7R_SMD"
"J1","1","VDD_SEL","","Connector_PinHeader_2.54mm:PinHeader_2x08_P2.54mm_Vertical",""
"J2","1","EN_FG","","TPS7A7001_Evaluation_Board_footprint_lib:SAMTEC_SMA-J-P-H-ST-TH1",""
"J3","1","VIN_FG","","TPS7A7001_Evaluation_Board_footprint_lib:SAMTEC_SMA-J-P-H-ST-TH1",""
"J4","1","VS_BUFF","","TPS7A7001_Evaluation_Board_footprint_lib:CALTEST_CT3151-2","https://mm.digikey.com/Volume0/opasdata/d220001/medias/docus/4846/DS_1768_Catalog.pdf"
"J5","1","VOUT","","TPS7A7001_Evaluation_Board_footprint_lib:CALTEST_CT3151-2","https://mm.digikey.com/Volume0/opasdata/d220001/medias/docus/4846/DS_1768_Catalog.pdf"
"J6","1","EN_AIN_SEL","","Connector_PinHeader_2.54mm:PinHeader_2x04_P2.54mm_Vertical",""
"J7","1","VIN_DC","","TPS7A7001_Evaluation_Board_footprint_lib:CALTEST_CT3151-2","https://mm.digikey.com/Volume0/opasdata/d220001/medias/docus/4846/DS_1768_Catalog.pdf"
"J8","1","EN_SEL","","Connector_PinHeader_2.54mm:PinHeader_2x08_P2.54mm_Vertical",""
"J9","1","VOUT_BUFF","","TPS7A7001_Evaluation_Board_footprint_lib:SAMTEC_SMA-J-P-H-ST-TH1",""
"J10","1","Load Cell and Buffer","","Connector_PinHeader_2.54mm:PinHeader_1x02_P2.54mm_Vertical","PEC02SAAN"
"J11,J12","2","GND","","TPS7A7001_Evaluation_Board_footprint_lib:CALTEST_CT3151-2","https://mm.digikey.com/Volume0/opasdata/d220001/medias/docus/4846/DS_1768_Catalog.pdf"
"J13","1","AD_PINS","","Connector_PinHeader_2.54mm:PinHeader_2x08_P2.54mm_Vertical",""
"JP1,JP3","2","BW_ADJ","","Connector_PinHeader_2.54mm:PinHeader_1x02_P2.54mm_Vertical","PEC02SAAN"
"JP2","1","VREF","","Connector_PinHeader_2.54mm:PinHeader_1x02_P2.54mm_Vertical","PEC02SAAN"
"JP4","1","PEC03SAAN","","Connector_PinHeader_2.54mm:PinHeader_1x03_P2.54mm_Vertical","https://s3.amazonaws.com/catalogspreads-pdf/PAGE112-113%20.100%20MALE%20HDR.pdf"
"Q1,Q2,Q3,Q4,Q5","5","FDV305N","","Package_TO_SOT_SMD:TSOT-23","https://www.onsemi.com/pdf/datasheet/fdv305n-d.pdf"
"R1,R13","2","100m","","Resistor_SMD:R_2512_6332Metric_Pad1.40x3.35mm_HandSolder","https://yageogroup.com/content/datasheet/asset/file/PYU-PA_E_51_ROHS"
"R2,R6,R7","3","0","","Resistor_SMD:R_0805_2012Metric_Pad1.20x1.40mm_HandSolder","https://www.vishay.com/docs/20043/crcwhpe3.pdf"
"R3,R4,R5,R8,R9,R10,R11,R12","8","10k","","Resistor_SMD:R_0805_2012Metric_Pad1.20x1.40mm_HandSolder","https://yageogroup.com/content/datasheet/asset/file/PYU-RC_GROUP_51_ROHS_L"
"R14","1","47","","Resistor_SMD:R_0805_2012Metric_Pad1.20x1.40mm_HandSolder","https://www.vishay.com/docs/20043/crcwhpe3.pdf"
"R15","1","15.4","","Resistor_SMD:R_0805_2012Metric_Pad1.20x1.40mm_HandSolder","https://www.te.com/commerce/DocumentDelivery/DDEController?Action=srchrtrv&DocNm=1773270-2&DocType=Data%20Sheet&DocLang=English&DocFormat=pdf&PartCntxt=9-2176390-1"
"R16","1","31.6","","Resistor_SMD:R_0805_2012Metric_Pad1.20x1.40mm_HandSolder","https://www.te.com/commerce/DocumentDelivery/DDEController?Action=srchrtrv&DocNm=1773270-2&DocType=Data%20Sheet&DocLang=English&DocFormat=pdf&PartCntxt=9-2176390-1"
"R17,R18,R19","3","125","","Resistor_SMD:R_0805_2012Metric_Pad1.20x1.40mm_HandSolder","https://www.te.com/commerce/DocumentDelivery/DDEController?Action=srchrtrv&DocNm=1773270-2&DocType=Data%20Sheet&DocLang=English&DocFormat=pdf&PartCntxt=9-2176390-1"
"R20","1","250","","Resistor_SMD:R_0805_2012Metric_Pad1.20x1.40mm_HandSolder","https://www.te.com/commerce/DocumentDelivery/DDEController?Action=srchrtrv&DocNm=1773270-2&DocType=Data%20Sheet&DocLang=English&DocFormat=pdf&PartCntxt=9-2176390-1"
"R21,R22,R23","3","1k","","Resistor_SMD:R_0603_1608Metric",""
"TP1","1","VDD","","TPS7A7001_Evaluation_Board_footprint_lib:KEYSTONE_5016","https://www.keyelco.com/userAssets/file/K75p61.pdf"
"TP2,TP8,TP11,TP12","4","GND","","TPS7A7001_Evaluation_Board_footprint_lib:KEYSTONE_5016","https://www.keyelco.com/userAssets/file/K75p61.pdf"
"TP3","1","VREF","","TPS7A7001_Evaluation_Board_footprint_lib:KEYSTONE_5016","https://www.keyelco.com/userAssets/file/K75p61.pdf"
"TP4","1","OUTA","","TPS7A7001_Evaluation_Board_footprint_lib:KEYSTONE_5016","https://www.keyelco.com/userAssets/file/K75p61.pdf"
"TP5","1","OUTB","","TPS7A7001_Evaluation_Board_footprint_lib:KEYSTONE_5016","https://www.keyelco.com/userAssets/file/K75p61.pdf"
"TP6","1","EN_AIN","","TPS7A7001_Evaluation_Board_footprint_lib:KEYSTONE_5016","https://www.keyelco.com/userAssets/file/K75p61.pdf"
"TP7","1","TEMP","","TPS7A7001_Evaluation_Board_footprint_lib:KEYSTONE_5016","https://www.keyelco.com/userAssets/file/K75p61.pdf"
"TP9","1","INA","","TPS7A7001_Evaluation_Board_footprint_lib:KEYSTONE_5016","https://www.keyelco.com/userAssets/file/K75p61.pdf"
"TP10","1","INB","","TPS7A7001_Evaluation_Board_footprint_lib:KEYSTONE_5016","https://www.keyelco.com/userAssets/file/K75p61.pdf"
"U1","1","SU272AFJK_LDO","","Package_DFN_QFN:QFN-32-1EP_7x7mm_P0.65mm_EP5.4x5.4mm_ThermalVias",""
"U2,U4","2","BUF634AIDR","","TPS7A7001_Evaluation_Board_footprint_lib:SOIC127P599X175-8N","https://www.ti.com/lit/ds/symlink/buf634a.pdf?HQS=dis-dk-null-digikeymode-dsf-pf-null-wwe&ts=1788112877733&ref_url=https%253A%252F%252Fwww.ti.com%252Fgeneral%252Fdocs%252Fsuppproductinfo.tsp%253FdistId%253D10%2526gotoUrl%253Dhttps%253A%252F%252Fwww.ti.com%252Flit%252Fgpn%252Fbuf634a"
"U3","1","TMP235A2DBZR","","TPS7A7001_Evaluation_Board_footprint_lib:DBZ0003A-IPC_A","https://www.ti.com/lit/gpn/tmp235"
"U5,U6","2","FXLP34","","Package_TO_SOT_SMD:SOT-353_SC-70-5",""
